Code;Name;Beschreibung;Verantwortlich;Anzahl Installationen;Anzahl Anwender (Max.);Subsysteme;Investitionsgröße;Technologien;Eingesetzt seit;Eingesetzt in;Standardkonformität
IS.MJBV;Snehætten;Distinctio occaecati inventore voluptatem recusandae qui laboriosam voluptatem.;Erasmo Jenkins;6;unbekannt;;318000;TECH.RDPE,TECH.BKLZ,TECH.HNGF,TECH.IOCM,TECH.AOKL,TECH.UIZR,TECH.IDRZ;17.05.2019;ORG.QJIH;STD.NAUG:UNBEKANNT
IS.DWOK;Jebel el Biod;Error quia rerum eos illum et sed eum amet assumenda.;Jerrell Morissette V;1;XS (10);;132000;TECH.HNGF,TECH.IOCM,TECH.AOKL,TECH.XSOS;23.10.2004;ORG.YQIS;
IS.APJI;Bald Knob;Accusamus ullam laborum aut aperiam at sapiente.;Jerrell Morissette V;6;XS (10);;2546000;TECH.AOKL,TECH.QYGZ,TECH.IDRZ;20.09.2011;ORG.TEEA;
IS.NDCZ;Graskop;Veritatis cumque quia dolor voluptatem distinctio officiis.;Erasmo Jenkins;2;unbekannt;;155000;TECH.AOKL,TECH.VGMO;05.08.2007;ORG.EFNR;
IS.WCGH;The Button;Sit ratione aspernatur fuga tempore ad sint quas qui.;Bree Halvorson;7;L (500);;1922000;TECH.SWZX,TECH.RDPE,TECH.BKLZ,TECH.IOCM,TECH.AOKL,TECH.XSOS,TECH.IDRZ;13.09.2003;ORG.ZWBI;STD.NAUG:UNBEKANNT,STD.OVQK:UNBEKANNT
IS.EVBG;Cerro Cururune;Quasi minus asperiores quam corporis ut error laboriosam.;Marcos Hahn DVM;3;S (50);;4974000;TECH.SWZX,TECH.RDPE,TECH.AOKL,TECH.MAXL;07.12.2007;"ORG.EFNR;ORG.YVOE";STD.TUCY:UNBEKANNT,STD.NAUG:UNBEKANNT,STD.SFVX:UNBEKANNT
IS.UHWP;Trollkyrkja;Corporis quia eligendi corporis corporis molestiae ipsum ab magnam voluptates.;Marcos Hahn DVM;4;L (500);;3223000;TECH.HNGF,TECH.IOCM,TECH.MAXL,TECH.OJHJ;03.07.1995;"ORG.AJYQ;ORG.QJIH";
IS.QXBR;Gløersenfjellet;Nulla id minus quod occaecati sunt maiores.;Jesenia Pouros;7;XL (1000);;1155000;TECH.RDPE,TECH.XSOS;14.07.1993;ORG.YQIS;
IS.EDFF;Dachsberg;Quam rem sunt natus et incidunt dolorum quis numquam omnis.;Blossom Vandervort MD;3;XL (1000);;1052000;TECH.SWZX,TECH.RDPE,TECH.MAXL;24.01.2014;"ORG.DKMX;ORG.QJIH";STD.YXME:UNBEKANNT
IS.LAKS;Schapbachriedel;Dignissimos et iure et magni illum totam repudiandae explicabo dicta.;Carlton Skiles;1;M (100);;4449000;TECH.SWZX,TECH.BKLZ,TECH.AOKL,TECH.UIZR;15.01.1994;ORG.YQIS;STD.OVQK:UNBEKANNT
IS.KOAZ;Eagle Peak;Ut voluptas saepe excepturi sit reprehenderit sint rerum.;Guillermina Bahringer PhD;3;S (50);;886000;TECH.SWZX,TECH.AOKL,TECH.MAXL;19.04.2007;"ORG.JAJS;ORG.HLRE";STD.JZPA:UNBEKANNT
IS.KVPB;Oštri Vrh;Voluptatem aliquid doloribus voluptatem delectus iste eum magnam.;Mr. Arnetta Green;4;XL (1000);;3648000;TECH.BKLZ,TECH.MAXL;17.09.2012;ORG.EIKW;
IS.ESTI;Čiekŋalisvákkehárji;Beatae ab soluta suscipit enim id occaecati quisquam voluptate deleniti.;Carmen Yundt;8;S (50);;529000;TECH.SWZX,TECH.DDAH,TECH.UIZR,TECH.XSOS;15.12.2005;"ORG.AJYQ;ORG.MKCJ";
IS.SFYF;Linn Hill;Accusamus deserunt doloremque corrupti voluptatem aspernatur beatae numquam.;Seth Kirlin;3;S (50);;4659000;TECH.RDPE,TECH.IOCM,TECH.DDAH,TECH.AOKL;11.08.2013;"ORG.TFOK;ORG.TEEA";
IS.CMVW;Pasir Kamuning;Nihil recusandae placeat occaecati et eligendi ut vitae.;Dr. Lilliam Walker;2;XXL (10000);;1752000;TECH.SWZX,TECH.IOCM,TECH.OJHJ;24.10.2004;"ORG.TEEA;ORG.EIKW";
IS.LMSC;Phnum Spong;Non sit earum numquam animi quod id assumenda.;Mr. Arnetta Green;8;XXS (1);;1921000;TECH.BKLZ,TECH.HNGF,TECH.OJHJ;20.11.2011;ORG.TEEA;
IS.JBSG;Iron Nipple;Quo accusamus vel recusandae quibusdam sunt molestiae.;Marcos Hahn DVM;10;M (100);;4087000;TECH.HNGF,TECH.IOCM,TECH.AOKL,TECH.WOJI;24.09.2003;"ORG.JAJS;ORG.HLRE";
IS.MRAK;Stølsfjellet;Rerum voluptas ut consequuntur rerum magni itaque.;Mr. Arnetta Green;9;XS (10);;3739000;TECH.IOCM,TECH.MAXL,TECH.OJHJ,TECH.XSOS;25.10.2014;"ORG.DKMX;ORG.QJIH";STD.JZPA:UNBEKANNT,STD.JXJA:UNBEKANNT
IS.MZAN;Klinkhamaren;Voluptatem velit minima iusto vitae expedita vel.;Jc Volkman Jr.;7;XL (1000);;940000;TECH.SWZX,TECH.BKLZ,TECH.IOCM;23.10.2016;ORG.AJYQ;STD.NAUG:TEILWEISE
IS.GRTB;Uševica;Eius commodi quaerat reprehenderit modi distinctio omnis non iste aut.;Alishia Feil;5;L (500);;3905000;TECH.BKLZ,TECH.IOCM,TECH.MAXL,TECH.OMPE,TECH.OJHJ;24.01.2018;ORG.YVOE;STD.JXJA:TEILWEISE
IS.ZYYJ;Cerro Jancocollo;Dolore magnam qui dolores ipsam aut iste quos.;Carmen Yundt;7;XL (1000);;1013000;TECH.BKLZ,TECH.AOKL,TECH.MAXL,TECH.WOJI;04.10.1991;"ORG.HLRE;ORG.QJIH";STD.JXJA:UNBEKANNT
IS.BRIU;Kūh-e Qarah Būyenākh;Qui cum sapiente saepe occaecati rerum quo.;Carlton Skiles;9;XL (1000);;1786000;TECH.IOCM,TECH.AOKL,TECH.IDRZ;22.11.2014;ORG.EFNR;
IS.WRTC;Cerro Huarcaya;Illo exercitationem voluptas corporis perferendis ratione quas nostrum assumenda.;Seth Kirlin;1;S (50);;958000;TECH.IOCM,TECH.MXMY,TECH.OJHJ,TECH.XSOS;09.07.2010;"ORG.DKMX;ORG.YQIS";
IS.SGAV;Talar East;Ex ipsam esse error consequatur odio magni aspernatur rem.;Fatima O'Connell;7;M (100);;2464000;TECH.BKLZ,TECH.HNGF,TECH.IOCM,TECH.AOKL,TECH.MAXL;02.03.2011;ORG.TFOK;
IS.YNVL;Gora Krasnyy Kamen’;A nostrum maxime commodi dolorem blanditiis illo.;Jerrell Morissette V;4;XXS (1);;2889000;TECH.IOCM;28.09.2009;ORG.YQIS;STD.NGKX:TEILWEISE
IS.BOTH;Monte Crestoso;Ea autem fugiat quaerat magnam quis doloribus.;Jerrell Morissette V;5;S (50);;381000;TECH.SWZX,TECH.RDPE;09.12.1995;"ORG.TFOK;ORG.EFNR";STD.NGKX:UNBEKANNT,STD.IPFQ:UNBEKANNT
IS.MMXC;Kobon-Yenu;Earum ducimus qui non aut magnam qui quam maxime unde.;Jerrell Morissette V;6;M (100);;2694000;TECH.SWZX,TECH.BKLZ,TECH.DDAH,TECH.AOKL,TECH.OJHJ;20.10.1998;"ORG.DKMX;ORG.YVOE";
IS.SNOV;Big Butte;Non autem atque et vitae rerum rerum et nostrum.;Darrick Russel;10;S (50);;4821000;TECH.RDPE,TECH.AOKL;27.10.2016;ORG.EFNR;STD.OVQK:UNBEKANNT
IS.DPGG;Mont Picciolo;Excepturi deserunt culpa quam enim odio quasi.;Guillermina Bahringer PhD;3;L (500);;1861000;TECH.IOCM,TECH.OMPE;10.04.2002;"ORG.NMIR;ORG.DKMX";
IS.BUWR;Nusfjell;Libero omnis repellendus nesciunt consequuntur quis ut voluptatem et.;Bree Halvorson;4;unbekannt;;881000;TECH.RDPE,TECH.UIZR,TECH.WOJI;04.06.2005;"ORG.JAJS;ORG.GERS";STD.TUEN:UNBEKANNT
IS.VOPD;Jabal Khabathah;Exercitationem quas laborum sed modi alias odio.;Marcos Hahn DVM;5;L (500);;956000;TECH.IOCM,TECH.WOJI;22.12.1999;"ORG.EFNR;ORG.ZWBI";STD.YXME:UNBEKANNT
IS.OVBP;Garamda Buru;Dolor numquam voluptas ut repellat sapiente enim molestiae et perspiciatis.;Blossom Vandervort MD;4;XL (1000);;1083000;TECH.SWZX,TECH.AOKL;20.08.1994;ORG.YVOE;STD.TUEN:UNBEKANNT,STD.JZPA:UNBEKANNT
IS.SFWH;Gora Brusnichnaya;Laborum quia eligendi ipsa vitae porro sunt deserunt.;Dr. Lilliam Walker;5;unbekannt;;3577000;TECH.BKLZ,TECH.AOKL,TECH.OJHJ;05.04.2009;"ORG.EFNR;ORG.AJYQ";STD.NGKX:UNBEKANNT,STD.MOLK:UNBEKANNT
IS.XWQY;Buttu Tamokok;Magni debitis reprehenderit provident cupiditate consequatur qui eaque.;Carlton Skiles;9;M (100);;562000;TECH.SWZX,TECH.HNGF,TECH.MAXL,TECH.OJHJ;23.10.1992;"ORG.DKMX;ORG.HLRE";STD.JXJA:TEILWEISE
IS.CDJH;Mount Alihod;Eos qui neque et voluptates soluta facilis.;Jerrell Morissette V;8;XL (1000);;4485000;TECH.RDPE,TECH.IOCM,TECH.DDAH,TECH.AOKL;09.08.2007;ORG.TFOK;STD.NAUG:UNBEKANNT,STD.OVQK:UNBEKANNT
IS.NZUH;East Hill;Aliquid quae saepe ipsam ea architecto deleniti provident.;Darrick Russel;6;M (100);;1927000;TECH.SWZX,TECH.HNGF,TECH.XSOS;24.03.2005;ORG.QJIH;STD.EPRG:TEILWEISE,STD.JXJA:TEILWEISE
IS.PZGC;Nelluma Gudda;Ut ea quibusdam est cum eligendi voluptatem voluptatibus ut aspernatur.;Alishia Feil;7;XXS (1);;2481000;TECH.RDPE,TECH.JNOX,TECH.FDLA;11.12.1994;ORG.NMIR;
IS.UFHZ;Boot Mountain;Aut exercitationem non sit occaecati et fugiat enim sequi quisquam.;Carmen Yundt;1;unbekannt;;120000;TECH.SWZX,TECH.BKLZ,TECH.AOKL,TECH.UIZR,TECH.OMPE,TECH.YNEU;05.08.2019;ORG.EIKW;STD.NAUG:UNBEKANNT
IS.IMZD;Thunder Hill;Voluptatum rerum quia nemo sapiente enim ducimus odit.;Dr. Lilliam Walker;9;M (100);;3039000;TECH.IOCM,TECH.VGMO,TECH.IDRZ;23.06.2009;ORG.DKMX;
IS.ROBW;Mādagamalai;Dolor quis a dolor eum odit asperiores quia.;Erasmo Jenkins;1;XXS (1);;520000;TECH.RDPE,TECH.DDAH;10.06.1993;ORG.AJYQ;
IS.RYWA;Knowles Hill;Harum quo eius est sit officiis reiciendis.;Bree Halvorson;5;L (500);;4099000;TECH.SWZX,TECH.BKLZ,TECH.HNGF,TECH.DDAH;13.09.2015;ORG.MKCJ;STD.JXJA:UNBEKANNT
IS.UWAU;Fort Hill;Perspiciatis id aspernatur aliquid optio voluptatem totam distinctio voluptatibus occaecati.;Junie Spinka;6;L (500);;366000;TECH.SWZX,TECH.BKLZ,TECH.IOCM,TECH.AOKL;15.07.1990;"ORG.DKMX;ORG.GERS";STD.NAUG:UNBEKANNT
IS.IRCL;Cerro Quehuinche;Quis voluptatum voluptas nostrum ut quia non.;Carmen Yundt;4;L (500);;2973000;TECH.JNOX,TECH.DDAH,TECH.IOCM,TECH.UIZR;24.11.1992;"ORG.NMIR;ORG.MKCJ";
IS.AGMM;Gunung Cabean;Amet in a est ea laborum molestias libero.;Seth Kirlin;9;XL (1000);;4869000;TECH.BKLZ,TECH.HNGF,TECH.AOKL,TECH.XSOS;14.07.2015;ORG.MKCJ;STD.JXJA:UNBEKANNT
IS.YGNX;Kūh-e Māmā Gūlā;Illum ipsum iure ratione iusto aut ex neque unde.;Johnny Halvorson PhD;7;XXS (1);;2430000;TECH.SWZX,TECH.RDPE,TECH.AOKL,TECH.OMPE;22.04.2012;ORG.DKMX;STD.PWWV:TEILWEISE
IS.TPON;Double Peaks;Libero eos dolores eos dolorum sapiente et.;Bree Halvorson;10;M (100);;1349000;TECH.BKLZ,TECH.IOCM,TECH.OJHJ;18.07.1991;"ORG.HLRE;ORG.ZWBI";
IS.DEIB;Cerro Trinidad;Hic voluptas et nisi iure necessitatibus sit dolor.;Carmen Yundt;10;XXS (1);;4060000;TECH.HVNV,TECH.IOCM,TECH.AOKL;23.02.2000;ORG.QJIH;STD.NAUG:UNBEKANNT
IS.ICMQ;Qi Shan;Pariatur voluptatem nam molestiae aliquid accusamus qui repellat quia.;Jerrell Morissette V;7;XS (10);;2208000;TECH.SWZX,TECH.JBPD,TECH.BKLZ,TECH.IOCM;05.06.2016;"ORG.TFOK;ORG.HLRE";STD.QPVF:UNBEKANNT,STD.PWWV:UNBEKANNT
IS.DVAP;Palindi Lamburung;Hic velit earum eum vel sunt temporibus illo eius ipsum.;Guillermina Bahringer PhD;5;M (100);;501000;TECH.BKLZ,TECH.FBDD,TECH.WOJI;07.09.2000;ORG.JAJS;STD.QPVF:UNBEKANNT
IS.BENP;West Hill;Et voluptatum numquam magnam illo et magni magni aspernatur.;Darrick Russel;7;XL (1000);;292000;TECH.SWZX,TECH.BKLZ,TECH.MAXL;07.12.2003;ORG.NMIR;STD.VAHO:TEILWEISE
IS.HXZP;Huntsman Mountain;Distinctio distinctio exercitationem sapiente quia ipsa esse nesciunt est.;Darrick Russel;1;L (500);;4882000;TECH.HNGF,TECH.QYGZ,TECH.OJHJ;21.11.2003;"ORG.TFOK;ORG.AJYQ";
IS.ZEOG;Punta Colorada;Ratione cumque molestiae eveniet eaque sapiente natus eligendi.;Erasmo Jenkins;9;XL (1000);;4096000;TECH.DDAH,TECH.MAXL,TECH.OJHJ,TECH.WOJI;25.08.1992;ORG.DKMX;
IS.AAIX;Bukit Besar;Ut magni facilis autem quam veritatis et tempore dolorem ut.;Bree Halvorson;5;XXL (10000);;3065000;TECH.SWZX,TECH.IOCM;25.03.2005;ORG.QJIH;STD.MOLK:GANZ,STD.DDBO:UNBEKANNT,STD.JXJA:UNBEKANNT
IS.OQOT;Piñon Hills;Delectus nobis delectus aspernatur voluptatum distinctio ratione ut facere id.;Mr. Arnetta Green;10;XS (10);;159000;TECH.RDPE,TECH.DDAH,TECH.IOCM,TECH.AOKL,TECH.OJHJ;09.02.2018;"ORG.AJYQ;ORG.QJIH";
IS.RJYE;Sheep Mountain;At sapiente est explicabo incidunt saepe adipisci modi porro tempora.;Mr. Arnetta Green;3;unbekannt;;2577000;TECH.SWZX,TECH.IOCM,TECH.XSOS;28.10.1995;"ORG.AJYQ;ORG.YQIS";STD.EPRG:UNBEKANNT
IS.KRDI;Flat Top Mountain;Rerum laboriosam praesentium quas atque eos quaerat deleniti.;Blossom Vandervort MD;10;XL (1000);;3668000;TECH.RDPE,TECH.HNGF,TECH.IOCM,TECH.MAXL;21.07.1998;ORG.QJIH;
IS.OFYN;Kōh-e Surkh Sang;Quos illo voluptatem quod rerum quas ut modi.;Jc Volkman Jr.;9;L (500);;4828000;TECH.SWZX,TECH.BKLZ,TECH.IOCM,TECH.AOKL,TECH.OJHJ;04.09.1995;"ORG.GERS;ORG.YQIS";STD.JZPA:UNBEKANNT
IS.NSNA;Kūh-e Tīgh-e Anjīrū;Iure quisquam tempore doloremque sunt omnis quisquam voluptas odit.;Carmen Yundt;2;XL (1000);;1855000;TECH.SWZX,TECH.JNOX,TECH.OJHJ;02.03.1993;ORG.ZWBI;STD.VAHO:UNBEKANNT
IS.UJWR;Twin Peaks;Aut et nostrum adipisci suscipit itaque sunt ut.;Theodore Hamill;6;XXL (10000);;3118000;TECH.HNGF,TECH.OJHJ,TECH.FDLA;17.02.2004;"ORG.HLRE;ORG.AJYQ";
IS.WLMI;Kūh-e Chelestān;Sit laudantium accusamus ipsam ad tempore dolorum asperiores et.;Seth Kirlin;7;S (50);;1981000;TECH.SWZX,TECH.HVNV,TECH.AOKL,TECH.MAXL;16.12.1990;ORG.NMIR;
IS.SLHS;Yunohara Yama;Hic distinctio quidem quibusdam sunt inventore et sint saepe et.;Jc Volkman Jr.;10;M (100);;861000;TECH.SWZX,TECH.HNGF,TECH.BKLZ,TECH.IOCM,TECH.MAXL;05.10.2005;ORG.HLRE;STD.JZPA:UNBEKANNT,STD.MOLK:UNBEKANNT
IS.HOGC;Falkerad;Dolores nobis rem unde blanditiis maiores veritatis doloribus.;Seth Kirlin;2;XS (10);;2785000;TECH.JBPD,TECH.BKLZ,TECH.IOCM,TECH.AOKL;28.11.2008;ORG.YQIS;STD.JXJA:UNBEKANNT
IS.DFYW;Kōh-e Bādrow;Vel cum autem placeat magnam quis atque cumque eos adipisci.;Dr. Lilliam Walker;2;XS (10);;3522000;TECH.RDPE,TECH.AOKL,TECH.MAXL;09.10.1995;ORG.HLRE;
IS.NLWX;Goigevarri;Eos velit eveniet nesciunt blanditiis aut facilis laboriosam minima.;Fatima O'Connell;3;unbekannt;;54000;TECH.SWZX,TECH.DDAH,TECH.IOCM;23.01.2009;ORG.TFOK;
IS.BPBW;Cerro Cristal;Molestiae iste debitis repudiandae nemo veniam explicabo eum.;Jc Volkman Jr.;10;XS (10);;4849000;TECH.BKLZ,TECH.AOKL,TECH.XSOS;26.04.2015;ORG.QJIH;STD.JZPA:TEILWEISE
IS.UKYC;Mogote José;Ut aut nam sunt maxime quod velit.;Marcos Hahn DVM;2;XS (10);;3583000;TECH.SWZX,TECH.AOKL,TECH.OMPE;23.02.2003;"ORG.TEEA;ORG.ZWBI";
IS.LBIY;Ile Kedaro;Beatae ea aut labore omnis quia ut aut.;Junie Spinka;10;M (100);;4975000;TECH.SWZX,TECH.DDAH,TECH.MAXL,TECH.VGMO;05.07.2019;ORG.AJYQ;STD.EPRG:GANZ
IS.XHAR;Phou Namgnok-Noi;Commodi nemo labore inventore corporis cupiditate consequuntur consequuntur.;Marcos Hahn DVM;4;M (100);;3718000;TECH.JNOX,TECH.RDPE,TECH.BKLZ;08.09.2016;ORG.YVOE;STD.YXME:UNBEKANNT
IS.FBCP;Kūh-e Kahnū;Molestias aspernatur pariatur aut iste et dolorum.;Seth Kirlin;2;L (500);;3508000;TECH.IOCM;06.04.2009;"ORG.GERS;ORG.MKCJ";STD.OVQK:UNBEKANNT,STD.JXJA:TEILWEISE
IS.TQGD;Brushy Hill;Unde qui beatae et aperiam reiciendis laborum in fuga sapiente.;Jerrell Morissette V;2;XXS (1);;2086000;TECH.RDPE,TECH.HNGF,TECH.DDAH,TECH.OJHJ,TECH.XSOS,TECH.IDRZ;15.02.2012;"ORG.EFNR;ORG.TFOK";
IS.OZOQ;Coldwater Peak;Velit magni non iusto a similique modi porro.;Marcos Hahn DVM;5;S (50);;1241000;TECH.SWZX,TECH.BKLZ,TECH.IOCM,TECH.AOKL,TECH.WOJI;08.05.2013;ORG.YVOE;
IS.FFSJ;Yukawa Yama;Maiores qui aut voluptas magni atque sint aut rerum veniam.;Jerrell Morissette V;6;XXS (1);;4246000;TECH.IOCM,TECH.OJHJ,TECH.WOJI,TECH.XSOS;27.10.1991;ORG.TEEA;STD.JXJA:GANZ,STD.NGKX:UNBEKANNT,STD.NAUG:TEILWEISE
IS.SARI;Ernaki;Voluptas sunt excepturi qui eveniet distinctio eos illum dolorum.;Blossom Vandervort MD;6;S (50);;1037000;TECH.SWZX,TECH.RDPE,TECH.HARD,TECH.OMPE,TECH.OJHJ;27.08.2009;ORG.ZWBI;
IS.GQME;Alloaivi;Maiores et voluptatem qui et provident et accusantium maxime cumque.;Miss Dena Sporer;3;XXL (10000);;813000;TECH.RDPE,TECH.IOCM,TECH.AOKL,TECH.OJHJ,TECH.XSOS;27.04.1995;ORG.AJYQ;STD.MOLK:UNBEKANNT
IS.WPCS;Phou Ôk;Quae debitis perspiciatis enim deserunt rem ea modi veritatis delectus.;Mr. Arnetta Green;2;XL (1000);;582000;TECH.RDPE,TECH.AOKL,TECH.OMPE,TECH.OJHJ,TECH.FDLA;07.10.1998;ORG.EIKW;STD.VAHO:UNBEKANNT
IS.BETW;Kūh-e Valchīn;Magni deleniti dolores voluptas possimus necessitatibus dolorem nihil.;Jc Volkman Jr.;7;M (100);;1427000;TECH.SWZX,TECH.IOCM,TECH.OJHJ;15.09.2005;"ORG.TFOK;ORG.TEEA";STD.NGKX:UNBEKANNT
IS.CNKG;Değirmice Dağı;Debitis et laboriosam ipsam reiciendis accusamus numquam.;Carmen Yundt;2;M (100);;4762000;TECH.SWZX,TECH.RDPE,TECH.JBPD,TECH.AOKL,TECH.OJHJ;02.12.1995;ORG.YQIS;STD.NAUG:UNBEKANNT,STD.OVQK:UNBEKANNT
IS.UOOV;Gora Gromova;Qui illum illum natus aspernatur et necessitatibus.;Marcos Hahn DVM;2;XS (10);;2501000;TECH.DDAH,TECH.QYGZ,TECH.WOJI,TECH.IDRZ;01.10.2009;ORG.ZWBI;
IS.XQJR;Morro Redondo do Cabungi;Aut distinctio quasi commodi excepturi natus sed sunt totam tempore.;Bree Halvorson;3;XXS (1);;4380000;TECH.RDPE,TECH.HNGF,TECH.AOKL;17.08.2006;ORG.EIKW;STD.CEMS:UNBEKANNT
IS.WCAJ;Fagerlifjellet;Voluptatem iusto et nihil ea et esse molestiae est.;Marcos Hahn DVM;8;XXL (10000);;814000;TECH.SWZX,TECH.OJHJ,TECH.IDRZ;05.04.2009;"ORG.TEEA;ORG.YQIS";STD.MOLK:UNBEKANNT
IS.AIFL;Mount Tabernaculo;Soluta asperiores ut impedit distinctio sunt cupiditate voluptas.;Marcos Hahn DVM;9;S (50);;299000;TECH.HNGF,TECH.AOKL,TECH.MXMY,TECH.FDLA,TECH.XSOS;05.01.2003;"ORG.TFOK;ORG.DKMX";STD.NGKX:UNBEKANNT
IS.VKLM;Tembe;Tenetur minus consequatur eum id commodi natus ipsa.;Bree Halvorson;9;L (500);;3433000;TECH.SWZX,TECH.RDPE,TECH.IOCM,TECH.DDAH,TECH.QYGZ;17.04.2014;"ORG.HLRE;ORG.QJIH";
IS.FYGA;Garigala Konda;Assumenda aperiam alias eius tenetur est eaque molestiae officiis.;Bree Halvorson;2;S (50);;277000;TECH.BKLZ,TECH.HNGF,TECH.DDAH,TECH.IOCM;04.11.2002;"ORG.YVOE;ORG.MKCJ";STD.SFZC:TEILWEISE,STD.SFVX:UNBEKANNT
IS.FVQQ;Nay Ghār;Aliquid aspernatur itaque exercitationem dolores minima nostrum animi tempore corrupti.;Delora Schaden;5;M (100);;4216000;TECH.SWZX,TECH.DDAH;08.04.1996;ORG.TFOK;
IS.JDRF;Kūh-e Darreh Zard;Omnis laborum fuga dolore velit id qui.;Bree Halvorson;7;M (100);;1624000;TECH.DDAH,TECH.AOKL,TECH.MAXL;26.08.1991;"ORG.EFNR;ORG.HLRE";STD.JZPA:UNBEKANNT,STD.NAUG:TEILWEISE
IS.JMCW;La Sierrita;Quidem qui voluptatem impedit quia ut cupiditate tenetur quibusdam.;Blossom Vandervort MD;3;L (500);;1199000;TECH.RDPE,TECH.HNGF,TECH.IHHT,TECH.OMPE;26.08.2009;ORG.GERS;
IS.TDCW;Mont Pothu Nord;Ut culpa excepturi officiis placeat suscipit eius fuga eius.;Jerrell Morissette V;1;XXL (10000);;2998000;TECH.BKLZ,TECH.MAXL,TECH.IDRZ;13.07.2003;"ORG.TFOK;ORG.GERS";STD.JZPA:TEILWEISE
IS.ZGHE;Monte Muima;Dolores distinctio praesentium laudantium veniam ut rem.;Carlton Skiles;5;L (500);;1787000;TECH.BKLZ,TECH.HNGF,TECH.IOCM,TECH.MAXL;26.02.1994;"ORG.YVOE;ORG.MKCJ";STD.MOLK:UNBEKANNT,STD.NAUG:UNBEKANNT
IS.ILDG;Cerro Caurnisho;Dolor fugit fugiat ex doloribus similique quia recusandae error.;Darrick Russel;10;XXS (1);;2246000;TECH.RDPE,TECH.IOCM;11.03.2019;"ORG.YQIS;ORG.QJIH";
IS.VRAC;Kūh-e Būr;In molestiae in ut illum corporis in quos dicta rerum.;Carmen Yundt;9;XL (1000);;2156000;TECH.RDPE,TECH.BKLZ,TECH.IOCM,TECH.AOKL,TECH.IDRZ;04.04.2000;ORG.NMIR;
IS.CVZM;El Hortigal;Nemo iste possimus voluptate cupiditate omnis in dicta.;Bree Halvorson;5;unbekannt;;537000;TECH.RDPE,TECH.BKLZ,TECH.IOCM,TECH.AOKL,TECH.IDRZ;16.04.2008;ORG.GERS;STD.MOLK:UNBEKANNT
IS.OVEL;Cerro Chicu;Et ratione voluptatum et consectetur aut quia tenetur expedita facere.;Ms. Phung Crist;4;XXL (10000);;243000;TECH.BKLZ,TECH.HNGF,TECH.OJHJ;17.08.1994;ORG.EFNR;STD.TUEN:UNBEKANNT
IS.FRHR;Vuorivárdu;Enim similique eos animi ipsa optio nam.;Blossom Vandervort MD;8;S (50);;4606000;TECH.SWZX,TECH.AOKL,TECH.MAXL,TECH.OMPE;22.07.1999;ORG.AJYQ;STD.EPRG:UNBEKANNT
IS.PKUR;Cerro Trapiche;Nisi maxime delectus itaque accusamus quod quisquam molestiae vel.;Miss Dena Sporer;4;L (500);;3498000;TECH.HNGF,TECH.IOCM,TECH.MXMY,TECH.WOJI,TECH.XSOS;10.12.2019;"ORG.GERS;ORG.MKCJ";STD.MOLK:UNBEKANNT
IS.CVAI;Ungeosan;Et a est eum et ut et assumenda minima magnam.;Erasmo Jenkins;9;L (500);;3838000;TECH.RDPE,TECH.BKLZ,TECH.IOCM;06.07.1994;"ORG.JAJS;ORG.QJIH";STD.PWWV:UNBEKANNT,STD.JXJA:UNBEKANNT
IS.OLIO;Cat Hill;Occaecati repudiandae voluptatibus quo ut ut neque eum consequatur nihil.;Stephany Larkin;1;M (100);;4140000;TECH.BKLZ,TECH.IOCM,TECH.DDAH;03.10.2007;"ORG.EFNR;ORG.DKMX";
IS.VAON;Band-e Sinjid;Adipisci aut nisi et reiciendis officia perferendis totam laudantium.;Miss Dena Sporer;10;XXL (10000);;4173000;TECH.IOCM,TECH.AOKL,TECH.MAXL,TECH.XSOS;16.09.1997;ORG.QJIH;STD.JXJA:UNBEKANNT
IS.EEZC;Gora Kyzylkyr;Suscipit quos repudiandae et ut amet voluptas vitae.;Erasmo Jenkins;8;S (50);;2753000;TECH.BKLZ,TECH.AOKL,TECH.OJHJ,TECH.WOJI;01.10.2008;ORG.GERS;STD.JXJA:UNBEKANNT
IS.IMUZ;Golo Bowosil;Dolor modi sit quia dolorem cupiditate eos doloremque aliquam laboriosam.;Carmen Yundt;5;XS (10);;2422000;TECH.SWZX,TECH.BKLZ,TECH.AOKL,TECH.XSOS;16.11.2002;"ORG.NMIR;ORG.EFNR";
IS.VRHN;Ahadzor;Ratione qui laboriosam molestiae tempore saepe doloribus modi nemo.;Erasmo Jenkins;7;unbekannt;;3358000;TECH.SWZX,TECH.MXMY,TECH.WOJI;12.03.1995;"ORG.TEEA;ORG.HLRE";STD.MOLK:UNBEKANNT
